drug,generated_coformers,orthogonal_planes,unobstructed,h_bond_bridging,sa_score
CN1C2=C(C(=O)N(C1=O)C)NC=N2,CC,0.40906422555063243,0.5590524188354873,0.6618510495678237,2.7475679189493913
CN1C2=C(C(=O)N(C1=O)C)NC=N2,CCI,0.43401388040122635,0.8529565172048258,0.5234005703034329,2.9336108847888287
