,count,mean,std,min,25%,50%,75%,max
initial,2003.0,0.6693836000921305,0.07574542136991155,0.5019830267532477,0.6105317734869703,0.681743904107875,0.7316755260754029,0.8564913675139766
evo,6.0,0.694195385424247,0.1030621930101313,0.5384261628763213,0.6408932765840667,0.7051734991403917,0.7746309457925851,0.7991491876464359
