,count,mean,std,min,25%,50%,75%,max
initial,2003.0,0.40219552365556194,0.05127562899263925,0.33211708556047,0.36152632094946285,0.3868736080941409,0.44371514498336595,0.5895743777736968
evo,6.0,0.4465881482458916,0.043230821216847314,0.3800387379266738,0.422604810845888,0.45449835340288003,0.4734706356855971,0.49872508496952206
