,count,mean,std,min,25%,50%,75%,max
initial,2003.0,2.4659276839360253,0.41691499405977417,1.0,2.224907209897192,2.553333492795902,2.8000139883805195,2.999475934735916
evo,6.0,2.1098180310364687,0.5400015539098553,1.4650615080064426,1.6799387560481929,2.1596631194745584,2.5699677713624633,2.6477538156987492
