,feature,init_median,evo_median,significant,statistic,pvalue
0,unobstructed,0.8255938059260408,0.8719348921653894,False,5884.0,0.07196503302532661
1,orthogonal_planes,0.3868736080941409,0.37822725380232197,False,9244.5,0.894549689227352
2,h_bond_bridging,0.681743904107875,0.767632817078362,True,2596.5,0.00011218475351236364
