,count,mean,std,min,25%,50%,75%,max
initial,2003.0,0.8176215014594325,0.06141759103890958,0.5085650407913435,0.7893538117902785,0.8255938059260408,0.8617332016387202,0.9401358322089132
evo,6.0,0.7747462886036071,0.13887750246397457,0.5904900548850712,0.662859279007735,0.8119669977094464,0.8839502653671761,0.9129522872907613
